{
    "periodes": [
        2012,
        2013,
        2014,
        2015,
        2016,
        2017
    ],
    "nombre_demandeur_emploi": [
        23533.28125,
        25476.1875,
        26772.56875,
        28405.875,
        28791.9,
        29388.71875
    ]
}