{
    "periodes": [
        1996,
        1997,
        1998,
        1999,
        2000,
        2001,
        2002,
        2003,
        2004,
        2005,
        2006,
        2007
    ],
    "nombre_demandeur_emploi": [
        20149.325,
        21040.65625,
        21271.0625,
        21079.31875,
        19257.9625,
        18051.43125,
        18675.35625,
        19475.74375,
        20018.175,
        20260.8125,
        18708.0625,
        17007
    ]
}