{
    "periodes": [
        2017,
        2018,
        2019,
        2020,
        2021,
        2022,
        2023
    ],
    "nombre_demandeur_emploi": [
        29388.71875,
        29688.825,
        29223.425,
        29942.51875,
        29406.84375,
        27247.83125,
        26838.14375
    ]
}